{"fx": 380.62091064453125, "fy": 380.40252685546875, "ppx": 321.75048828125, "ppy": 246.8757781982422, "height": 480, "width": 640, "depth_scale": 0.0010000000474974513}